{"cameraMode":{"drawMode":0,"name":"Shaded","section":"Shading Mode"},"sceneLighting":true,"audioPlay":false,"sceneViewState":{"showFog":true,"showMaterialUpdate":false,"showSkybox":true,"showFlares":true,"showImageEffects":true,"showParticleSystems":true},"in2DMode":false,"pivot":{"x":17.626150131225587,"y":7.4461669921875,"z":7.7716169357299809},"rotation":{"x":-0.03449049964547157,"y":0.7970673441886902,"z":-0.04572980850934982,"w":-0.6011679768562317},"size":4.442073822021484,"orthographic":false}